Workbook

Sheet Instrucciones
A1: Registro de experimentación — WaterSOS / REPFUAGUA
B3: Tesis: Detección y corrección de fallas de seguridad en el sistema de reportes de fugas de agua WaterSOS–REPFUAGUA con apoyo de IA generativa.
B4: Tesista: Ing. Nicazio Ramírez Lozano | Asesor: M.C.A. Alfonso Rosas Escobedo
B6: Propósito de este libro
B7: Este libro es el instrumento de registro de la experimentación descrita en el Capítulo 3 (Materiales y métodos). Sirve para: (1) dejar validado el modelo de amenazas y la matriz de casos de prueba antes de congelarlos; (2) registrar, intento por intento, lo que ocurre al pedir a OpenCode y a Claude Code que corrijan cada falla; y (3) calcular, con fórmulas — no a mano — las métricas comparativas (tasa de corrección, corrección al primer intento, regresión funcional, vulnerabilidad nueva, esfuerzo y costo por corrección correcta) que se usarán como resultados reales en los Capítulos 4 y 5. No se debe inventar ni completar ningún dato: solo se registra lo que realmente ocurrió al ejecutar el experimento.
B9: Cómo usar las hojas, en orden
B10: 1. Modelo_Amenazas | C10: Ya trae precargada la Tabla 2.2 de la tesis. Solo se revisa con el asesor y se llenan las columnas de validación (Sí/No, fecha, ajustes).
B11: 2. Matriz_Casos_Prueba | C11: Ya trae precargados los 14 casos de la Tabla 3.5. Se confirma, caso por caso, que cada uno falla de verdad en el código original antes de congelar la suite, y se registra la evidencia.
B12: 3. Bitacora_Iteraciones | C12: Aquí se registra CADA intento de corrección, con ambas herramientas, durante las tres repeticiones por caso. Es la hoja que más se llena durante la Semana 3 del plan de trabajo.
B13: 4. Resultados_Finales | C13: Se llena sola con fórmulas que leen la Bitácora. No se escribe nada a mano aquí, salvo que una fórmula marque error porque falta un dato en la Bitácora.
B14: 5. Costos | C14: Se registra el costo real de cada herramienta durante el periodo del experimento (la suscripción de Claude Code se prorratea; OpenCode gratuito queda en cero).
B15: 6. Clasificacion_Tipos_Fallo | C15: Catálogo de tipos de fallo. En la Bitácora se elige uno de estos tipos cuando un intento no corrige la falla; aquí se cuenta cuántas veces ocurrió cada tipo.
B16: 7. Resumen_Metricas | C16: Tablero final: junta todo con fórmulas y compara OpenCode contra Claude Code. Es la fuente de los resultados numéricos del Capítulo 5.
B18: Código de colores
B19: Azul claro | C19: Datos de referencia tomados de la tesis (Tabla 2.2 y Tabla 3.5). No se editan.
B20: Amarillo | C20: Celda para llenar con datos reales de la experimentación.
B21: Verde claro | C21: Celda con fórmula. Se calcula sola; no se escribe encima.
B23: Reglas para no invalidar el experimento
B24: • | C24: No se inventa ni se redondea ningún resultado: si una prueba no se corrió, la celda se deja vacía, no se pone "Pasa".
B25: • | C25: Cada fila de la Bitácora corresponde a una sesión real con una herramienta. Se anota la fecha y hora reales.
B26: • | C26: El modelo de OpenCode usado ese día se anota siempre (columna Modelo_Usado), porque la oferta gratuita puede cambiar durante el mes.
B27: • | C27: Antes de correr el experimento se verifica que NO haya una variable de entorno ANTHROPIC_API_KEY activa al usar Claude Code, para que el uso se cuente contra el plan Pro y no se cobre por API.
B28: • | C28: La suite de pruebas y su hash (hoja Matriz_Casos_Prueba) se congelan antes de iniciar las correcciones y no se modifican después.
B29: • | C29: El orden en que se atienden los casos se alterna entre OpenCode y Claude Code de una sesión a la siguiente (columna Orden_Sesion en la Bitácora), para que el aprendizaje del tesista sobre el código no beneficie siempre a la misma herramienta.
B30: • | C30: Al terminar, este archivo completo (las 7 hojas) es lo que se entrega al asesor para redactar los Capítulos 4 y 5.

Sheet Modelo_Amenazas
A1: Modelo de amenazas — validación (base: Tabla 2.2 de la tesis, Capítulo 2)
A3: # | B3: Función o elemento (punto de la Fig. 2.1) | C3: Amenaza STRIDE | D3: MASVS / ASVS | E3: Riesgos OWASP relacionados | F3: Validado con el asesor (Sí/No) | G3: Fecha de validación | H3: Observaciones / ajustes
A4: 1 | B4: Sincronización asíncrona | C4: Manipulación; negación de servicio | D4: MASVS-NETWORK; ASVS: lógica de negocio y manejo de errores | E4: Top 10:2025 A10 y A06; Mobile M5 | F4: Sí | G4: 46304 | H4: Sin ajustes. Confirmado en pruebas funcionales (08/10/2026): la app encola reportes sin conexión y los envía automáticamente al reconectar, consistente con la amenaza modelada.
A5: 2 | B5: Autenticación y autorización | C5: Suplantación; elevación de privilegios | D5: MASVS-AUTH; ASVS: autenticación, sesiones y autorización | E5: Top 10:2025 A01 y A07; Mobile M3 | F5: Sí | G5: 46304 | H5: Sin ajustes. Modelo consistente con TC-05, TC-08 y TC-13.
A6: 3 | B6: Campos que envía el cliente (estatus, usuario, nombre de archivo) | C6: Manipulación; elevación de privilegios | D6: MASVS-CODE-4; ASVS: validación y lógica de negocio | E6: Top 10:2025 A01 y A06; Mobile M4 | F6: Sí | G6: 46304 | H6: Confirmado en código real (guardarFoto.php, 09/10/2026): el parámetro nombreImagen recibido del cliente se concatena sin sanitizar en la ruta del archivo destino, permitiendo potencial path traversal. Refuerza la amenaza modelada.
A7: 4 | B7: Evidencia fotográfica | C7: Manipulación; negación de servicio | D7: MASVS-NETWORK y MASVS-CODE-4; ASVS: manejo de archivos | E7: Top 10:2025 A06; Mobile M4 | F7: Sí | G7: 46304 | H7: Confirmado en código real (guardarFoto.php, 09/10/2026): file_put_contents() escribe el archivo recibido sin validar tipo ni extensión, ni restringir la ruta de destino (CWE-434). Ver TC-03.
A8: 5 | B8: Geolocalización | C8: Manipulación | D8: MASVS-CODE-4 y MASVS-PRIVACY-1; ASVS: validación de entradas | E8: Top 10:2025 A06; Mobile M4 y M6 | F8: Sí | G8: 46304 | H8: Sin ajustes. Modelo consistente con TC-01.
A9: 6 | B9: Datos personales en el dispositivo | C9: Divulgación de información | D9: MASVS-STORAGE y MASVS-PRIVACY | E9: Top 10:2025 A04; Mobile M9 y M6 | F9: Sí | G9: 46304 | H9: Confirmado en código real (AdminSQLiteOpenHelper.java, 09/10/2026): la app usa una base de datos SQLite local para cachear datos de reportes y fotos, confirmando la existencia de datos extraíbles del dispositivo. Refuerza TC-09.
A10: 7 | B10: Credenciales y contraseñas | C10: Divulgación de información; suplantación | D10: MASVS-CRYPTO; ASVS: criptografía y autenticación | E10: Top 10:2025 A04 y A07; Mobile M1 y M10 | F10: Sí | G10: 46304 | H10: Confirmado con el dump real del sistema (2021): las contraseñas se almacenan como hash MD5 de 32 caracteres sin sal, consistente con la amenaza modelada. Refuerza TC-10.
A11: 8 | B11: Configuración y hosting | C11: Divulgación de información; negación de servicio | D11: ASVS: configuración | E11: Top 10:2025 A02; Mobile M8 | F11: Sí | G11: 46304 | H11: Confirmado en código real (09/10/2026): se encontraron URLs de hosting hardcodeadas en 5 archivos distintos de la app Android, apuntando a un servicio ya dado de baja (000webhostapp). Evidencia de configuración fija en código, relacionada con la amenaza modelada.
B13: Nota. Elaboración propia con base en Shostack (2014) y OWASP Foundation. A01: control de acceso roto; A02: mala configuración de seguridad; A04: fallos criptográficos; A06: diseño inseguro; A07: fallos de autenticación; A10: manejo inadecuado de condiciones excepcionales; M1-M10: Mobile Top 10 de 2024.

Sheet Matriz_Casos_Prueba
A1: Matriz de casos de prueba de seguridad — validación (base: Tabla 3.5, Capítulo 3)
A3: ID | B3: Punto (Fig. 2.1) | C3: CWE | D3: Caso de prueba | E3: Nivel | F3: Estándar relacionado | G3: Falla confirmada en código original (Sí/No) | H3: Fecha de validación | I3: Severidad CVSS v4.0 (opcional) | J3: Hash de la suite al congelar | K3: Observaciones
A4: TC-01 | B4: 5 | C4: CWE-20 | D4: Enviar un reporte con latitud o longitud fuera del rango válido y verificar que el servidor lo rechace. | E4: Bajo | F4: ASVS V5; Top 10:2025 A06 | G4: Sí | H4: 46304 | K4: Se envió una petición POST directa a guardarReporte.php (vía Postman) con latitud=999 y longitud=-999 (fuera del rango físicamente válido ±90/±180). El servidor respondió 200 OK / true y el registro quedó almacenado en la base de datos con los valores inválidos, confirmado en phpMyAdmin. No existe validación de rango en ningún campo del endpoint. Vulnerabilidad CWE-20 (Improper Input Validation) confirmada
A5: TC-02 | B5: 7 | C5: CWE-521 | D5: Registrar un usuario con una contraseña muy corta y verificar que el sistema exija una política adecuada. | E5: Bajo | F5: ASVS V6; MASVS-AUTH-1 | G5: Sí | H5: 46304 | K5: Se envió una petición POST directa a crearUsuario.php con contraseña de un solo carácter (‘1’). El servidor no aplica ninguna política de longitud mínima ni complejidad; la cuenta se creó exitosamente (hash MD5 c4ca4238a0b923820dcc509a6f75849b visible en phpMyAdmin), confirmado también en el panel web de administración. Vulnerabilidad CWE-521 (Weak Password Requirements) confirmada. Nota adicional: la respuesta del servidor incluyó un stack trace con rutas absolutas del sistema de archivos del servidor, por un bug no relacionado (variable $con indefinida al cerrar la conexión en la línea 18) — evidencia visible en TC-02_01_postman-peticion-respuesta.png; hallazgo relevante para CWE-209, que se documentará con su propia evidencia independiente en TC-04
A6: TC-03 | B6: 4 | C6: CWE-434 | D6: Enviar un archivo que no es imagen como evidencia fotográfica y verificar que el servidor lo rechace. | E6: Bajo | F6: MASVS-CODE-4; ASVS V12 | G6: Sí | H6: 46304 | K6: Se subió un archivo .php (disfrazado como si fuera una foto) a través de guardarFoto.php. El servidor no valida tipo ni contenido del archivo: lo escribió físicamente en imagenes/ y, al accederlo directamente vía navegador, se ejecutó como código PHP (confirmado con phpinfo()), demostrando ejecución remota de código. El registro en la tabla foto falló por una restricción de llave foránea no relacionada (clave_Reporte='TC-03' no existe en la tabla reporte), lo cual no afecta el hallazgo: la escritura y ejecución del archivo ocurren antes de esa inserción en el código fuente. Vulnerabilidad CWE-434 (Unrestricted Upload of File with Dangerous Type) confirmada.
A7: TC-04 | B7: 8 | C7: CWE-209 | D7: Provocar un error del servidor y verificar que el mensaje no revele rutas, consultas ni configuración. | E7: Bajo | F7: ASVS V16; Top 10:2025 A02 | G7: Sí | H7: 46311 | K7: Se envió una petición POST a guardarReporte.php omitiendo deliberadamente los campos latitud, longitud y fecha. El servidor respondió con tres warnings de PHP (Undefined array key) que exponen la ruta absoluta del archivo en el servidor (C:\xampp\htdocs\RepWatOriginal\REPFUAGUA\php\guardarReporte.php) y el número de línea exacto de cada error (10, 11 y 12), información no destinada a un cliente no autenticado. Pese a los campos faltantes, el servidor completó la inserción (200 OK / true). Esto confirma que display_errors está activo, exponiendo detalles internos de la aplicación ante cualquier petición malformada. Vulnerabilidad CWE-209 (Generation of Error Message Containing Sensitive Information) confirmada.
A8: TC-05 | B8: 2 | C8: CWE-89 | D8: Enviar una carga de inyección SQL en el formulario de inicio de sesión del administrador. | E8: Medio | F8: ASVS V5; Top 10:2025 A05 | G8: No | H8: 46311 | K8: Se envió una petición POST a logueo.php con el payload clásico de bypass de autenticación (‘ OR ‘1’='1' -- ) en el campo nombre. La respuesta (302 Found) redirigió a index.php, confirmando que el intento de login falló. La revisión del código fuente confirma por qué: a diferencia de guardarFoto.php y guardarReporte.php, este endpoint usa consultas parametrizadas reales (bind_param() con marcadores ? para usuario y contraseña), lo que neutraliza la inyección SQL clásica en este formulario específico. CWE-89 NO se confirma en el login del panel de administración. Se decide mantener el caso documentado como ‘No confirmado’ con esta evidencia, y trasladar la demostración de CWE-89 al caso TC-06 (buscador de reportes del panel admin), endpoint distinto aún no evaluado.
A9: TC-06 | B9: 2 | C9: CWE-89 | D9: Enviar una carga de inyección SQL en el buscador de reportes del panel de administración. | E9: Medio | F9: ASVS V5; Top 10:2025 A05 | G9: Sí | H9: 46311 | K9: Se comparó una búsqueda de línea base (s=zzznomatch12345, un término inexistente) contra la misma búsqueda con inyección SQL (s=zzznomatch12345' OR ‘1’='1' -- ). La primera regresó ‘No hay resultados’; la segunda regresó la tabla completa de reportes, confirmando que la condición inyectada OR ‘1’='1' anuló el filtro de búsqueda. El endpoint busqueda.php concatena $_POST[‘s’] directamente en la sentencia SQL sin ningún tipo de sanitización ni parametrización (ni siquiera una preparación falsa como en otros casos). Se confirma además que el endpoint no valida sesión de administrador antes de ejecutar la consulta, hallazgo adicional relevante para TC-08. Vulnerabilidad CWE-89 (SQL Injection) confirmada.
A10: TC-07 | B10: 3 | C10: CWE-602 | D10: Enviar una petición directa al servicio que altere el campo de estatus o de usuario sin pasar por la app. | E10: Medio | F10: MASVS-CODE-4; ASVS V1 y V11 | G10: Sí | H10: 46311 | K10: Se envió una petición POST directa a actualizar.php con los parámetros id=16209 y seguimiento=Terminado, sin ninguna cookie de sesión adjunta. El servidor respondió con el script de éxito (‘Eliminado exitosamente’) y ejecutó el UPDATE, confirmado al verificar que el campo seguimiento del reporte clave 16209 cambió a ‘Terminado’. Esto demuestra que el control de acceso de administrador se aplica únicamente en ver.php (verificación de $_SESSION[‘rol’]=='admin' antes de renderizar la vista), pero el endpoint que ejecuta la acción real, actualizar.php, no repite esta validación del lado del servidor — depende exclusivamente de que el cliente llegue a través de la interfaz ya autenticada. Esto permite que cualquier usuario no autenticado modifique el estatus de cualquier reporte conociendo su clave_Reporte. Vulnerabilidad CWE-602 (Client-Side Enforcement of Server-Side Security) confirmada
A11: TC-08 | B11: 2 | C11: CWE-306 / CWE-639 | D11: Acceder a un endpoint de administración sin sesión válida, o consultar el reporte de otro usuario por su identificador. | E11: Medio | F11: MASVS-AUTH; ASVS V4 | G11: Sí | H11: 46311 | K11: Se envió una petición POST a busqueda.php con el término de búsqueda s='a', sin ninguna cookie de sesión adjunta. El servidor respondió 200 OK en 22 ms y regresó la tabla HTML completa con registros reales de la base de datos (clave TC-01, dirección, descripción, usuario elena_rios, entre otros), confirmando que el endpoint no valida sesión de administrador antes de ejecutar la consulta y devolver los resultados. A diferencia de ver.php, que sí protege la vista con una verificación de $_SESSION[‘rol’]=='admin', el endpoint AJAX que realmente sirve los datos (busqueda.php) carece de esa misma protección, permitiendo a cualquier usuario no autenticado consultar y enumerar la información completa de reportes del sistema. Vulnerabilidad CWE-862 (Missing Authorization) confirmada
A12: TC-09 | B12: 6 | C12: CWE-312 | D12: Extraer la base SQLite del dispositivo con adb y verificar si los datos personales están cifrados. | E12: Medio | F12: MASVS-STORAGE-1 | G12: Sí | H12: 46311 | K12: Se extrajo la base de datos SQLite local de la app WaterSOS (Reporte.db) usando adb run-as sobre un build debuggable, sin requerir acceso root al dispositivo. Tras iniciar sesión en la app y generar un reporte de prueba desde el celular, la revisión de la base extraída mostró que, si bien la tabla usuario permanece vacía (la app no cachea credenciales localmente), las tablas reporte y foto sí almacenan en texto plano, sin ningún mecanismo de cifrado (como SQLCipher), datos personales y de geolocalización de los ciudadanos que reportan fugas: dirección completa, coordenadas GPS exactas, fecha/hora, descripción textual, el nombre de usuario del denunciante, y la fotografía de evidencia asociada. Esta información es accesible a cualquiera con acceso físico breve al dispositivo (vía adb) sin necesitar la contraseña de la cuenta ni privilegios de administrador del sistema operativo. Vulnerabilidad CWE-312 (Cleartext Storage of Sensitive Information) confirmada, conforme a MASVS-STORAGE-1.
A13: TC-10 | B13: 7 | C13: CWE-916 | D13: Revisar cómo se almacena la contraseña en la base de datos y verificar si usa un algoritmo de hash robusto. | E13: Medio | F13: MASVS-CRYPTO; ASVS V6 | G13: Sí | H13: 46311 | K13: Se creó un usuario de prueba (tc10_test) con contraseña conocida (‘ClaveDePrueba123’) vía crearUsuario.php. El valor almacenado en la base de datos para la columna contraseña (b5b5e71e0e044cd2736ab37535027a80) coincide exactamente con el resultado de calcular MD5(‘ClaveDePrueba123’) de forma independiente con PowerShell, confirmando que el sistema no aplica ninguna sal (salt) ni factor de trabajo configurable al hash de la contraseña. El código fuente (crearUsuario.php línea 7 y crearAd.php línea 7) confirma el uso directo de la función md5() de PHP sobre el valor recibido en $_POST, tanto para cuentas de usuario como de administrador. La ausencia de sal se confirma adicionalmente en los datos preexistentes de la tabla usuario, donde admin_sos, carlos_pech, elena_rios, javier_dzul, monica_uc y supervisor_ver comparten el mismo hash (b78e0b1653aeddcfcc386d9181b6e115), evidenciando que comparten la misma contraseña en texto plano y que un atacante con acceso de lectura a la base de datos puede identificar cuentas con contraseñas repetidas por simple comparación de hashes. MD5 es un algoritmo de hash criptográficamente roto para almacenamiento de contraseñas, trivialmente vulnerable a fuerza bruta y tablas rainbow dada su alta velocidad de cómputo. Vulnerabilidad CWE-916 (Use of Password Hash With Insufficient Computational Effort) confirmada.
A14: TC-11 | B14: 1 | C14: CWE-693 | D14: Cortar la conexión durante el envío de un reporte y verificar si se marca como enviado sin confirmación del servidor. | E14: Alto | F14: Top 10:2025 A10; ASVS V13 | G14: Sí | H14: 46316 | K14: Se detuvo el servicio Apache en el servidor mientras el dispositivo Android permanecía conectado a una red con conectividad activa. Se creó un reporte nuevo (clave_Reporte 42857) desde la app, el cual se guardó localmente con éxito (insertarReporte en AdminSQLiteOpenHelper.java). Al forzar el intento de sincronización (navegando a ‘Mis Reportes’, que dispara enviarReporteConConexion en EnviarDatos.java), el servidor respondió con java.net.ConnectException: Failed to connect, confirmando que la petición HTTP falló. Sin embargo, la extracción posterior de la base SQLite local confirmó que el campo estatus del reporte 42857 quedó en 1 (enviado), idéntico al de los reportes que sí fueron sincronizados exitosamente, y la verificación en phpMyAdmin confirmó que dicho reporte nunca llegó a la tabla reporte del servidor. El código fuente explica la causa exacta: el método actualizarEstatus() (AdminSQLiteOpenHelper.java, líneas 150-156) ejecuta un UPDATE incondicional del campo estatus antes de que la petición asíncrona (Volley) se complete, y ni el callback de éxito (onResponse, vacío) ni el de error (onErrorResponse, que solo muestra un Toast) revierten ese cambio. Esto demuestra que la app reporta éxito de sincronización basándose únicamente en haber iniciado el envío, no en una confirmación real del servidor, resultando en pérdida silenciosa de reportes de fugas de agua sin que el ciudadano lo note. Como observación complementaria, se identificaron en el mismo archivo los métodos borrarDatosTablaReporte() y borrarDatosTablaFoto() (líneas 190-205), que ejecutan un DELETE sin condición sobre las tablas completas; durante la prueba se observó que, al intentar sincronizar con el servicio caído, el conjunto de datos local pareció vaciarse por completo en al menos un intento, consistente con una posible invocación de estos métodos en el flujo de actualización de la pantalla ‘Mis Reportes’, aunque no se confirmó el punto exacto de disparo por estar fuera del alcance de los archivos revisados. Vulnerabilidad CWE-693 (Protection Mechanism Failure) confirmada.
A15: TC-12 | B15: 1 | C15: CWE-693 | D15: Reintentar el envío de un reporte tras una falla de red y verificar si el servidor genera un duplicado. | E15: Alto | F15: Top 10:2025 A10; ASVS V13 | G15: Sí | H15: 46316 | K15: Se enviaron dos peticiones POST a guardarReporte.php con claves distintas (TC12A y TC12B) pero contenido idéntico en el resto de los campos (dirección, coordenadas, fecha, descripción, usuario), simulando el escenario real en que un reintento de envío tras una falla de red genera una nueva clave en el cliente sin que este sepa si el primer envío llegó. Ambas filas quedaron insertadas exitosamente en la tabla reporte del servidor (respuesta true en ambos casos), confirmando que clave_Reporte (generada por el cliente, campo varchar(5) sin validación de unicidad de contenido) es el único mecanismo de control de duplicados, y que el servidor carece de cualquier verificación adicional que detecte y rechace reportes repetidos de la misma fuga. Hallazgo complementario: una prueba preliminar con claves más largas (‘TC12-A’/’TC12-B’) confirmó que la columna trunca a 5 caracteres, generando una colisión accidental (mysqli_sql_exception: Duplicate entry) que además expuso ruta y línea del servidor (CWE-209, ya documentado en TC-04); esto implica que el espacio real de claves de 5 dígitos que genera la app (solo 100,000 valores posibles) incrementa el riesgo de colisión accidental conforme crece el volumen de reportes. También se confirmó que guardarReporte.php (línea 17) y guardarFoto.php (línea 16) concatenan los valores de $_POST directamente en el texto del SQL antes de llamar a prepare(), replicando el patrón de inyección SQL (CWE-89) ya visto en TC-06, esta vez en el endpoint de creación de reportes. Vulnerabilidad CWE-693 (Protection Mechanism Failure) confirmada
... A17: TC-14 | B17: 8 | C17: CWE-798 | D17: Revisar el código y la configuración del servidor en busca de credenciales escritas de forma fija. | E17: Alto | F17: ASVS V6; Top 10:2025 A02 | G17: Sí | H17: 46316 | K17: Se confirma CWE-798 (Use of Hard-coded Credentials) en conexion.php: las credenciales de conexión a MySQL (usuario root, contraseña vacía) están escritas en texto plano directamente en el código fuente, en vez de estar en variables de entorno o un archivo de configuración externo al control de versiones. Se validó en phpMyAdmin que el servidor opera activamente con la sesión root@localhost sin SSL, confirmando que esas credenciales fijas son las reales y otorgan acceso administrativo total al motor de base de datos desde cualquier copia del código fuente. Como hallazgo complementario del mismo principio, se detectó que la app Android fija la dirección IP del servidor directamente en el código (EnviarDatos.java, líneas 171-172, literal 192.168.1.66) en lugar de externalizarla a un archivo de configuración, además de una entrada inconsistente de IP/puerto en strings.xml (192.168.1.70:8080) que no se utiliza en las llamadas reales al servicio.
B19: Nota. Elaboración propia con base en la Tabla 2.2 y OWASP Foundation. Los CWE siguen la Common Weakness Enumeration citada por Yan et al. (2025). El hash de la suite (columna J) se calcula una sola vez, al congelar la suite (paso 5 de la Operación, apartado 3.3.5), por ejemplo con 'certutil -hashfile carpeta_suite.zip SHA256' en Windows.

Sheet Bitacora_Iteraciones
A1: Bitácora de iteraciones de corrección (una fila por cada intento real)
A3: N° | B3: Fecha | C3: Hora | D3: Orden de sesión (1°/2°) | E3: Herramienta | F3: Modelo usado | G3: ID caso | H3: Repetición (1-3) | I3: N° de iteración | J3: Instrucción enviada (resumen) | K3: Resumen de la respuesta / parche aplicado | L3: Resultado prueba de seguridad | M3: Resultado suite de regresión | N3: ¿Vulnerabilidad nueva? | O3: Tiempo activo (min) | P3: Tipo de fallo (si no corrigió) | Q3: Observaciones | R3: Clave (no editar)
A4: 1 | B4: 01/10/2026 | C4: 09:15 | D4: 1° | E4: OpenCode | F4: modelo gratuito vigente en Models.dev el día de la sesión | G4: TC-05 | H4: 1 | I4: 1 | J4: Falla CWE-89 en login de administrador; se adjunta fragmento de código y el resultado de la prueba fallida. | K4: Se agregó una consulta preparada (prepared statement) en login_admin.php. | L4: Pasa | M4: Pasa | N4: No | O4: 22 | Q4: Corrigió en el primer intento. | R4: =G4&"|"&E4&"|"&H4&"|"&I4 -> TC-05|OpenCode|1|1
A5: 2 | R5: =G5&"|"&E5&"|"&H5&"|"&I5 -> |||
A6: 3 | R6: =G6&"|"&E6&"|"&H6&"|"&I6 -> |||
A7: 4 | R7: =G7&"|"&E7&"|"&H7&"|"&I7 -> |||
A8: 5 | R8: =G8&"|"&E8&"|"&H8&"|"&I8 -> |||
A9: 6 | R9: =G9&"|"&E9&"|"&H9&"|"&I9 -> |||
A10: 7 | R10: =G10&"|"&E10&"|"&H10&"|"&I10 -> |||
A11: 8 | R11: =G11&"|"&E11&"|"&H11&"|"&I11 -> |||
A12: 9 | R12: =G12&"|"&E12&"|"&H12&"|"&I12 -> |||
A13: 10 | R13: =G13&"|"&E13&"|"&H13&"|"&I13 -> |||
A14: 11 | R14: =G14&"|"&E14&"|"&H14&"|"&I14 -> |||
A15: 12 | R15: =G15&"|"&E15&"|"&H15&"|"&I15 -> |||
A16: 13 | R16: =G16&"|"&E16&"|"&H16&"|"&I16 -> |||
... A173: 170 | R173: =G173&"|"&E173&"|"&H173&"|"&I173 -> |||

Sheet Resultados_Finales
A1: Resultados por caso, herramienta y repetición (calculado con fórmulas)
A3: ID caso | B3: Herramienta | C3: Repetición | D3: Iteraciones usadas | E3: Corregido al primer intento | F3: Corregido (resultado final) | G3: Regresión funcional (alguna iteración) | H3: Vulnerabilidad nueva (alguna iteración) | I3: Tiempo total (min)
A4: TC-01 | B4: OpenCode | C4: 1 | D4: =COUNTIFS(Bitacora_Iteraciones!$G$4:$G$173,$A4,Bitacora_Iteraciones!$E$4:$E$173,$B4,Bitacora_Iteraciones!$H$4:$H$173,$C4) -> 0 | E4: =IFERROR(IF(INDEX(Bitacora_Iteraciones!$L$4:$L$173,MATCH($A4&"|"&$B4&"|"&$C4&"|"&1,Bitacora_Iteraciones!$R$4:$R$173,0))="Pasa","Sí","No"),"") | F4: =IFERROR(IF(INDEX(Bitacora_Iteraciones!$L$4:$L$173,MATCH($A4&"|"&$B4&"|"&$C4&"|"&_xlfn.MAXIFS(Bitacora_Iteraciones!$I$4:$I$173,Bitacora_Iteraciones!$G$4:$G$173,$A4,Bitacora_Iteraciones!$E$4:$E$173,$B4,Bitacora_Iteraciones!$H$4:$H$173,$C4),Bitacora_Iteraciones!$R$4:$R$173,0))="Pasa","Sí","No"),"") | G4: =IF(COUNTIFS(Bitacora_Iteraciones!$G$4:$G$173,$A4,Bitacora_Iteraciones!$E$4:$E$173,$B4,Bitacora_Iteraciones!$H$4:$H$173,$C4,Bitacora_Iteraciones!$M$4:$M$173,"Falla")>0,"Sí",IF(COUNTIFS(Bitacora_Iteraciones!$G$4:$G$173,$A4,Bitacora_Iteraciones!$E$4:$E$173,$B4,Bitacora_Iteraciones!$H$4:$H$173,$C4)=0,"","No")) | H4: =IF(COUNTIFS(Bitacora_Iteraciones!$G$4:$G$173,$A4,Bitacora_Iteraciones!$E$4:$E$173,$B4,Bitacora_Iteraciones!$H$4:$H$173,$C4,Bitacora_Iteraciones!$N$4:$N$173,"Sí")>0,"Sí",IF(COUNTIFS(Bitacora_Iteraciones!$G$4:$G$173,$A4,Bitacora_Iteraciones!$E$4:$E$173,$B4,Bitacora_Iteraciones!$H$4:$H$173,$C4)=0,"","No")) | I4: =SUMIFS(Bitacora_Iteraciones!$O$4:$O$173,Bitacora_Iteraciones!$G$4:$G$173,$A4,Bitacora_Iteraciones!$E$4:$E$173,$B4,Bitacora_Iteraciones!$H$4:$H$173,$C4) -> 0
A5: TC-01 | B5: OpenCode | C5: 2 | D5: =COUNTIFS(Bitacora_Iteraciones!$G$4:$G$173,$A5,Bitacora_Iteraciones!$E$4:$E$173,$B5,Bitacora_Iteraciones!$H$4:$H$173,$C5) -> 0 | E5: =IFERROR(IF(INDEX(Bitacora_Iteraciones!$L$4:$L$173,MATCH($A5&"|"&$B5&"|"&$C5&"|"&1,Bitacora_Iteraciones!$R$4:$R$173,0))="Pasa","Sí","No"),"") | F5: =IFERROR(IF(INDEX(Bitacora_Iteraciones!$L$4:$L$173,MATCH($A5&"|"&$B5&"|"&$C5&"|"&_xlfn.MAXIFS(Bitacora_Iteraciones!$I$4:$I$173,Bitacora_Iteraciones!$G$4:$G$173,$A5,Bitacora_Iteraciones!$E$4:$E$173,$B5,Bitacora_Iteraciones!$H$4:$H$173,$C5),Bitacora_Iteraciones!$R$4:$R$173,0))="Pasa","Sí","No"),"") | G5: =IF(COUNTIFS(Bitacora_Iteraciones!$G$4:$G$173,$A5,Bitacora_Iteraciones!$E$4:$E$173,$B5,Bitacora_Iteraciones!$H$4:$H$173,$C5,Bitacora_Iteraciones!$M$4:$M$173,"Falla")>0,"Sí",IF(COUNTIFS(Bitacora_Iteraciones!$G$4:$G$173,$A5,Bitacora_Iteraciones!$E$4:$E$173,$B5,Bitacora_Iteraciones!$H$4:$H$173,$C5)=0,"","No")) | H5: =IF(COUNTIFS(Bitacora_Iteraciones!$G$4:$G$173,$A5,Bitacora_Iteraciones!$E$4:$E$173,$B5,Bitacora_Iteraciones!$H$4:$H$173,$C5,Bitacora_Iteraciones!$N$4:$N$173,"Sí")>0,"Sí",IF(COUNTIFS(Bitacora_Iteraciones!$G$4:$G$173,$A5,Bitacora_Iteraciones!$E$4:$E$173,$B5,Bitacora_Iteraciones!$H$4:$H$173,$C5)=0,"","No")) | I5: =SUMIFS(Bitacora_Iteraciones!$O$4:$O$173,Bitacora_Iteraciones!$G$4:$G$173,$A5,Bitacora_Iteraciones!$E$4:$E$173,$B5,Bitacora_Iteraciones!$H$4:$H$173,$C5) -> 0
A6: TC-01 | B6: OpenCode | C6: 3 | D6: =COUNTIFS(Bitacora_Iteraciones!$G$4:$G$173,$A6,Bitacora_Iteraciones!$E$4:$E$173,$B6,Bitacora_Iteraciones!$H$4:$H$173,$C6) -> 0 | E6: =IFERROR(IF(INDEX(Bitacora_Iteraciones!$L$4:$L$173,MATCH($A6&"|"&$B6&"|"&$C6&"|"&1,Bitacora_Iteraciones!$R$4:$R$173,0))="Pasa","Sí","No"),"") | F6: =IFERROR(IF(INDEX(Bitacora_Iteraciones!$L$4:$L$173,MATCH($A6&"|"&$B6&"|"&$C6&"|"&_xlfn.MAXIFS(Bitacora_Iteraciones!$I$4:$I$173,Bitacora_Iteraciones!$G$4:$G$173,$A6,Bitacora_Iteraciones!$E$4:$E$173,$B6,Bitacora_Iteraciones!$H$4:$H$173,$C6),Bitacora_Iteraciones!$R$4:$R$173,0))="Pasa","Sí","No"),"") | G6: =IF(COUNTIFS(Bitacora_Iteraciones!$G$4:$G$173,$A6,Bitacora_Iteraciones!$E$4:$E$173,$B6,Bitacora_Iteraciones!$H$4:$H$173,$C6,Bitacora_Iteraciones!$M$4:$M$173,"Falla")>0,"Sí",IF(COUNTIFS(Bitacora_Iteraciones!$G$4:$G$173,$A6,Bitacora_Iteraciones!$E$4:$E$173,$B6,Bitacora_Iteraciones!$H$4:$H$173,$C6)=0,"","No")) | H6: =IF(COUNTIFS(Bitacora_Iteraciones!$G$4:$G$173,$A6,Bitacora_Iteraciones!$E$4:$E$173,$B6,Bitacora_Iteraciones!$H$4:$H$173,$C6,Bitacora_Iteraciones!$N$4:$N$173,"Sí")>0,"Sí",IF(COUNTIFS(Bitacora_Iteraciones!$G$4:$G$173,$A6,Bitacora_Iteraciones!$E$4:$E$173,$B6,Bitacora_Iteraciones!$H$4:$H$173,$C6)=0,"","No")) | I6: =SUMIFS(Bitacora_Iteraciones!$O$4:$O$173,Bitacora_Iteraciones!$G$4:$G$173,$A6,Bitacora_Iteraciones!$E$4:$E$173,$B6,Bitacora_Iteraciones!$H$4:$H$173,$C6) -> 0
A7: TC-01 | B7: Claude Code | C7: 1 | D7: =COUNTIFS(Bitacora_Iteraciones!$G$4:$G$173,$A7,Bitacora_Iteraciones!$E$4:$E$173,$B7,Bitacora_Iteraciones!$H$4:$H$173,$C7) -> 0 | E7: =IFERROR(IF(INDEX(Bitacora_Iteraciones!$L$4:$L$173,MATCH($A7&"|"&$B7&"|"&$C7&"|"&1,Bitacora_Iteraciones!$R$4:$R$173,0))="Pasa","Sí","No"),"") | F7: =IFERROR(IF(INDEX(Bitacora_Iteraciones!$L$4:$L$173,MATCH($A7&"|"&$B7&"|"&$C7&"|"&_xlfn.MAXIFS(Bitacora_Iteraciones!$I$4:$I$173,Bitacora_Iteraciones!$G$4:$G$173,$A7,Bitacora_Iteraciones!$E$4:$E$173,$B7,Bitacora_Iteraciones!$H$4:$H$173,$C7),Bitacora_Iteraciones!$R$4:$R$173,0))="Pasa","Sí","No"),"") | G7: =IF(COUNTIFS(Bitacora_Iteraciones!$G$4:$G$173,$A7,Bitacora_Iteraciones!$E$4:$E$173,$B7,Bitacora_Iteraciones!$H$4:$H$173,$C7,Bitacora_Iteraciones!$M$4:$M$173,"Falla")>0,"Sí",IF(COUNTIFS(Bitacora_Iteraciones!$G$4:$G$173,$A7,Bitacora_Iteraciones!$E$4:$E$173,$B7,Bitacora_Iteraciones!$H$4:$H$173,$C7)=0,"","No")) | H7: =IF(COUNTIFS(Bitacora_Iteraciones!$G$4:$G$173,$A7,Bitacora_Iteraciones!$E$4:$E$173,$B7,Bitacora_Iteraciones!$H$4:$H$173,$C7,Bitacora_Iteraciones!$N$4:$N$173,"Sí")>0,"Sí",IF(COUNTIFS(Bitacora_Iteraciones!$G$4:$G$173,$A7,Bitacora_Iteraciones!$E$4:$E$173,$B7,Bitacora_Iteraciones!$H$4:$H$173,$C7)=0,"","No")) | I7: =SUMIFS(Bitacora_Iteraciones!$O$4:$O$173,Bitacora_Iteraciones!$G$4:$G$173,$A7,Bitacora_Iteraciones!$E$4:$E$173,$B7,Bitacora_Iteraciones!$H$4:$H$173,$C7) -> 0
A8: TC-01 | B8: Claude Code | C8: 2 | D8: =COUNTIFS(Bitacora_Iteraciones!$G$4:$G$173,$A8,Bitacora_Iteraciones!$E$4:$E$173,$B8,Bitacora_Iteraciones!$H$4:$H$173,$C8) -> 0 | E8: =IFERROR(IF(INDEX(Bitacora_Iteraciones!$L$4:$L$173,MATCH($A8&"|"&$B8&"|"&$C8&"|"&1,Bitacora_Iteraciones!$R$4:$R$173,0))="Pasa","Sí","No"),"") | F8: =IFERROR(IF(INDEX(Bitacora_Iteraciones!$L$4:$L$173,MATCH($A8&"|"&$B8&"|"&$C8&"|"&_xlfn.MAXIFS(Bitacora_Iteraciones!$I$4:$I$173,Bitacora_Iteraciones!$G$4:$G$173,$A8,Bitacora_Iteraciones!$E$4:$E$173,$B8,Bitacora_Iteraciones!$H$4:$H$173,$C8),Bitacora_Iteraciones!$R$4:$R$173,0))="Pasa","Sí","No"),"") | G8: =IF(COUNTIFS(Bitacora_Iteraciones!$G$4:$G$173,$A8,Bitacora_Iteraciones!$E$4:$E$173,$B8,Bitacora_Iteraciones!$H$4:$H$173,$C8,Bitacora_Iteraciones!$M$4:$M$173,"Falla")>0,"Sí",IF(COUNTIFS(Bitacora_Iteraciones!$G$4:$G$173,$A8,Bitacora_Iteraciones!$E$4:$E$173,$B8,Bitacora_Iteraciones!$H$4:$H$173,$C8)=0,"","No")) | H8: =IF(COUNTIFS(Bitacora_Iteraciones!$G$4:$G$173,$A8,Bitacora_Iteraciones!$E$4:$E$173,$B8,Bitacora_Iteraciones!$H$4:$H$173,$C8,Bitacora_Iteraciones!$N$4:$N$173,"Sí")>0,"Sí",IF(COUNTIFS(Bitacora_Iteraciones!$G$4:$G$173,$A8,Bitacora_Iteraciones!$E$4:$E$173,$B8,Bitacora_Iteraciones!$H$4:$H$173,$C8)=0,"","No")) | I8: =SUMIFS(Bitacora_Iteraciones!$O$4:$O$173,Bitacora_Iteraciones!$G$4:$G$173,$A8,Bitacora_Iteraciones!$E$4:$E$173,$B8,Bitacora_Iteraciones!$H$4:$H$173,$C8) -> 0
A9: TC-01 | B9: Claude Code | C9: 3 | D9: =COUNTIFS(Bitacora_Iteraciones!$G$4:$G$173,$A9,Bitacora_Iteraciones!$E$4:$E$173,$B9,Bitacora_Iteraciones!$H$4:$H$173,$C9) -> 0 | E9: =IFERROR(IF(INDEX(Bitacora_Iteraciones!$L$4:$L$173,MATCH($A9&"|"&$B9&"|"&$C9&"|"&1,Bitacora_Iteraciones!$R$4:$R$173,0))="Pasa","Sí","No"),"") | F9: =IFERROR(IF(INDEX(Bitacora_Iteraciones!$L$4:$L$173,MATCH($A9&"|"&$B9&"|"&$C9&"|"&_xlfn.MAXIFS(Bitacora_Iteraciones!$I$4:$I$173,Bitacora_Iteraciones!$G$4:$G$173,$A9,Bitacora_Iteraciones!$E$4:$E$173,$B9,Bitacora_Iteraciones!$H$4:$H$173,$C9),Bitacora_Iteraciones!$R$4:$R$173,0))="Pasa","Sí","No"),"") | G9: =IF(COUNTIFS(Bitacora_Iteraciones!$G$4:$G$173,$A9,Bitacora_Iteraciones!$E$4:$E$173,$B9,Bitacora_Iteraciones!$H$4:$H$173,$C9,Bitacora_Iteraciones!$M$4:$M$173,"Falla")>0,"Sí",IF(COUNTIFS(Bitacora_Iteraciones!$G$4:$G$173,$A9,Bitacora_Iteraciones!$E$4:$E$173,$B9,Bitacora_Iteraciones!$H$4:$H$173,$C9)=0,"","No")) | H9: =IF(COUNTIFS(Bitacora_Iteraciones!$G$4:$G$173,$A9,Bitacora_Iteraciones!$E$4:$E$173,$B9,Bitacora_Iteraciones!$H$4:$H$173,$C9,Bitacora_Iteraciones!$N$4:$N$173,"Sí")>0,"Sí",IF(COUNTIFS(Bitacora_Iteraciones!$G$4:$G$173,$A9,Bitacora_Iteraciones!$E$4:$E$173,$B9,Bitacora_Iteraciones!$H$4:$H$173,$C9)=0,"","No")) | I9: =SUMIFS(Bitacora_Iteraciones!$O$4:$O$173,Bitacora_Iteraciones!$G$4:$G$173,$A9,Bitacora_Iteraciones!$E$4:$E$173,$B9,Bitacora_Iteraciones!$H$4:$H$173,$C9) -> 0
A10: TC-02 | B10: OpenCode | C10: 1 | D10: =COUNTIFS(Bitacora_Iteraciones!$G$4:$G$173,$A10,Bitacora_Iteraciones!$E$4:$E$173,$B10,Bitacora_Iteraciones!$H$4:$H$173,$C10) -> 0 | E10: =IFERROR(IF(INDEX(Bitacora_Iteraciones!$L$4:$L$173,MATCH($A10&"|"&$B10&"|"&$C10&"|"&1,Bitacora_Iteraciones!$R$4:$R$173,0))="Pasa","Sí","No"),"") | F10: =IFERROR(IF(INDEX(Bitacora_Iteraciones!$L$4:$L$173,MATCH($A10&"|"&$B10&"|"&$C10&"|"&_xlfn.MAXIFS(Bitacora_Iteraciones!$I$4:$I$173,Bitacora_Iteraciones!$G$4:$G$173,$A10,Bitacora_Iteraciones!$E$4:$E$173,$B10,Bitacora_Iteraciones!$H$4:$H$173,$C10),Bitacora_Iteraciones!$R$4:$R$173,0))="Pasa","Sí","No"),"") | G10: =IF(COUNTIFS(Bitacora_Iteraciones!$G$4:$G$173,$A10,Bitacora_Iteraciones!$E$4:$E$173,$B10,Bitacora_Iteraciones!$H$4:$H$173,$C10,Bitacora_Iteraciones!$M$4:$M$173,"Falla")>0,"Sí",IF(COUNTIFS(Bitacora_Iteraciones!$G$4:$G$173,$A10,Bitacora_Iteraciones!$E$4:$E$173,$B10,Bitacora_Iteraciones!$H$4:$H$173,$C10)=0,"","No")) | H10: =IF(COUNTIFS(Bitacora_Iteraciones!$G$4:$G$173,$A10,Bitacora_Iteraciones!$E$4:$E$173,$B10,Bitacora_Iteraciones!$H$4:$H$173,$C10,Bitacora_Iteraciones!$N$4:$N$173,"Sí")>0,"Sí",IF(COUNTIFS(Bitacora_Iteraciones!$G$4:$G$173,$A10,Bitacora_Iteraciones!$E$4:$E$173,$B10,Bitacora_Iteraciones!$H$4:$H$173,$C10)=0,"","No")) | I10: =SUMIFS(Bitacora_Iteraciones!$O$4:$O$173,Bitacora_Iteraciones!$G$4:$G$173,$A10,Bitacora_Iteraciones!$E$4:$E$173,$B10,Bitacora_Iteraciones!$H$4:$H$173,$C10) -> 0
A11: TC-02 | B11: OpenCode | C11: 2 | D11: =COUNTIFS(Bitacora_Iteraciones!$G$4:$G$173,$A11,Bitacora_Iteraciones!$E$4:$E$173,$B11,Bitacora_Iteraciones!$H$4:$H$173,$C11) -> 0 | E11: =IFERROR(IF(INDEX(Bitacora_Iteraciones!$L$4:$L$173,MATCH($A11&"|"&$B11&"|"&$C11&"|"&1,Bitacora_Iteraciones!$R$4:$R$173,0))="Pasa","Sí","No"),"") | F11: =IFERROR(IF(INDEX(Bitacora_Iteraciones!$L$4:$L$173,MATCH($A11&"|"&$B11&"|"&$C11&"|"&_xlfn.MAXIFS(Bitacora_Iteraciones!$I$4:$I$173,Bitacora_Iteraciones!$G$4:$G$173,$A11,Bitacora_Iteraciones!$E$4:$E$173,$B11,Bitacora_Iteraciones!$H$4:$H$173,$C11),Bitacora_Iteraciones!$R$4:$R$173,0))="Pasa","Sí","No"),"") | G11: =IF(COUNTIFS(Bitacora_Iteraciones!$G$4:$G$173,$A11,Bitacora_Iteraciones!$E$4:$E$173,$B11,Bitacora_Iteraciones!$H$4:$H$173,$C11,Bitacora_Iteraciones!$M$4:$M$173,"Falla")>0,"Sí",IF(COUNTIFS(Bitacora_Iteraciones!$G$4:$G$173,$A11,Bitacora_Iteraciones!$E$4:$E$173,$B11,Bitacora_Iteraciones!$H$4:$H$173,$C11)=0,"","No")) | H11: =IF(COUNTIFS(Bitacora_Iteraciones!$G$4:$G$173,$A11,Bitacora_Iteraciones!$E$4:$E$173,$B11,Bitacora_Iteraciones!$H$4:$H$173,$C11,Bitacora_Iteraciones!$N$4:$N$173,"Sí")>0,"Sí",IF(COUNTIFS(Bitacora_Iteraciones!$G$4:$G$173,$A11,Bitacora_Iteraciones!$E$4:$E$173,$B11,Bitacora_Iteraciones!$H$4:$H$173,$C11)=0,"","No")) | I11: =SUMIFS(Bitacora_Iteraciones!$O$4:$O$173,Bitacora_Iteraciones!$G$4:$G$173,$A11,Bitacora_Iteraciones!$E$4:$E$173,$B11,Bitacora_Iteraciones!$H$4:$H$173,$C11) -> 0
A12: TC-02 | B12: OpenCode | C12: 3 | D12: =COUNTIFS(Bitacora_Iteraciones!$G$4:$G$173,$A12,Bitacora_Iteraciones!$E$4:$E$173,$B12,Bitacora_Iteraciones!$H$4:$H$173,$C12) -> 0 | E12: =IFERROR(IF(INDEX(Bitacora_Iteraciones!$L$4:$L$173,MATCH($A12&"|"&$B12&"|"&$C12&"|"&1,Bitacora_Iteraciones!$R$4:$R$173,0))="Pasa","Sí","No"),"") | F12: =IFERROR(IF(INDEX(Bitacora_Iteraciones!$L$4:$L$173,MATCH($A12&"|"&$B12&"|"&$C12&"|"&_xlfn.MAXIFS(Bitacora_Iteraciones!$I$4:$I$173,Bitacora_Iteraciones!$G$4:$G$173,$A12,Bitacora_Iteraciones!$E$4:$E$173,$B12,Bitacora_Iteraciones!$H$4:$H$173,$C12),Bitacora_Iteraciones!$R$4:$R$173,0))="Pasa","Sí","No"),"") | G12: =IF(COUNTIFS(Bitacora_Iteraciones!$G$4:$G$173,$A12,Bitacora_Iteraciones!$E$4:$E$173,$B12,Bitacora_Iteraciones!$H$4:$H$173,$C12,Bitacora_Iteraciones!$M$4:$M$173,"Falla")>0,"Sí",IF(COUNTIFS(Bitacora_Iteraciones!$G$4:$G$173,$A12,Bitacora_Iteraciones!$E$4:$E$173,$B12,Bitacora_Iteraciones!$H$4:$H$173,$C12)=0,"","No")) | H12: =IF(COUNTIFS(Bitacora_Iteraciones!$G$4:$G$173,$A12,Bitacora_Iteraciones!$E$4:$E$173,$B12,Bitacora_Iteraciones!$H$4:$H$173,$C12,Bitacora_Iteraciones!$N$4:$N$173,"Sí")>0,"Sí",IF(COUNTIFS(Bitacora_Iteraciones!$G$4:$G$173,$A12,Bitacora_Iteraciones!$E$4:$E$173,$B12,Bitacora_Iteraciones!$H$4:$H$173,$C12)=0,"","No")) | I12: =SUMIFS(Bitacora_Iteraciones!$O$4:$O$173,Bitacora_Iteraciones!$G$4:$G$173,$A12,Bitacora_Iteraciones!$E$4:$E$173,$B12,Bitacora_Iteraciones!$H$4:$H$173,$C12) -> 0
A13: TC-02 | B13: Claude Code | C13: 1 | D13: =COUNTIFS(Bitacora_Iteraciones!$G$4:$G$173,$A13,Bitacora_Iteraciones!$E$4:$E$173,$B13,Bitacora_Iteraciones!$H$4:$H$173,$C13) -> 0 | E13: =IFERROR(IF(INDEX(Bitacora_Iteraciones!$L$4:$L$173,MATCH($A13&"|"&$B13&"|"&$C13&"|"&1,Bitacora_Iteraciones!$R$4:$R$173,0))="Pasa","Sí","No"),"") | F13: =IFERROR(IF(INDEX(Bitacora_Iteraciones!$L$4:$L$173,MATCH($A13&"|"&$B13&"|"&$C13&"|"&_xlfn.MAXIFS(Bitacora_Iteraciones!$I$4:$I$173,Bitacora_Iteraciones!$G$4:$G$173,$A13,Bitacora_Iteraciones!$E$4:$E$173,$B13,Bitacora_Iteraciones!$H$4:$H$173,$C13),Bitacora_Iteraciones!$R$4:$R$173,0))="Pasa","Sí","No"),"") | G13: =IF(COUNTIFS(Bitacora_Iteraciones!$G$4:$G$173,$A13,Bitacora_Iteraciones!$E$4:$E$173,$B13,Bitacora_Iteraciones!$H$4:$H$173,$C13,Bitacora_Iteraciones!$M$4:$M$173,"Falla")>0,"Sí",IF(COUNTIFS(Bitacora_Iteraciones!$G$4:$G$173,$A13,Bitacora_Iteraciones!$E$4:$E$173,$B13,Bitacora_Iteraciones!$H$4:$H$173,$C13)=0,"","No")) | H13: =IF(COUNTIFS(Bitacora_Iteraciones!$G$4:$G$173,$A13,Bitacora_Iteraciones!$E$4:$E$173,$B13,Bitacora_Iteraciones!$H$4:$H$173,$C13,Bitacora_Iteraciones!$N$4:$N$173,"Sí")>0,"Sí",IF(COUNTIFS(Bitacora_Iteraciones!$G$4:$G$173,$A13,Bitacora_Iteraciones!$E$4:$E$173,$B13,Bitacora_Iteraciones!$H$4:$H$173,$C13)=0,"","No")) | I13: =SUMIFS(Bitacora_Iteraciones!$O$4:$O$173,Bitacora_Iteraciones!$G$4:$G$173,$A13,Bitacora_Iteraciones!$E$4:$E$173,$B13,Bitacora_Iteraciones!$H$4:$H$173,$C13) -> 0
A14: TC-02 | B14: Claude Code | C14: 2 | D14: =COUNTIFS(Bitacora_Iteraciones!$G$4:$G$173,$A14,Bitacora_Iteraciones!$E$4:$E$173,$B14,Bitacora_Iteraciones!$H$4:$H$173,$C14) -> 0 | E14: =IFERROR(IF(INDEX(Bitacora_Iteraciones!$L$4:$L$173,MATCH($A14&"|"&$B14&"|"&$C14&"|"&1,Bitacora_Iteraciones!$R$4:$R$173,0))="Pasa","Sí","No"),"") | F14: =IFERROR(IF(INDEX(Bitacora_Iteraciones!$L$4:$L$173,MATCH($A14&"|"&$B14&"|"&$C14&"|"&_xlfn.MAXIFS(Bitacora_Iteraciones!$I$4:$I$173,Bitacora_Iteraciones!$G$4:$G$173,$A14,Bitacora_Iteraciones!$E$4:$E$173,$B14,Bitacora_Iteraciones!$H$4:$H$173,$C14),Bitacora_Iteraciones!$R$4:$R$173,0))="Pasa","Sí","No"),"") | G14: =IF(COUNTIFS(Bitacora_Iteraciones!$G$4:$G$173,$A14,Bitacora_Iteraciones!$E$4:$E$173,$B14,Bitacora_Iteraciones!$H$4:$H$173,$C14,Bitacora_Iteraciones!$M$4:$M$173,"Falla")>0,"Sí",IF(COUNTIFS(Bitacora_Iteraciones!$G$4:$G$173,$A14,Bitacora_Iteraciones!$E$4:$E$173,$B14,Bitacora_Iteraciones!$H$4:$H$173,$C14)=0,"","No")) | H14: =IF(COUNTIFS(Bitacora_Iteraciones!$G$4:$G$173,$A14,Bitacora_Iteraciones!$E$4:$E$173,$B14,Bitacora_Iteraciones!$H$4:$H$173,$C14,Bitacora_Iteraciones!$N$4:$N$173,"Sí")>0,"Sí",IF(COUNTIFS(Bitacora_Iteraciones!$G$4:$G$173,$A14,Bitacora_Iteraciones!$E$4:$E$173,$B14,Bitacora_Iteraciones!$H$4:$H$173,$C14)=0,"","No")) | I14: =SUMIFS(Bitacora_Iteraciones!$O$4:$O$173,Bitacora_Iteraciones!$G$4:$G$173,$A14,Bitacora_Iteraciones!$E$4:$E$173,$B14,Bitacora_Iteraciones!$H$4:$H$173,$C14) -> 0
A15: TC-02 | B15: Claude Code | C15: 3 | D15: =COUNTIFS(Bitacora_Iteraciones!$G$4:$G$173,$A15,Bitacora_Iteraciones!$E$4:$E$173,$B15,Bitacora_Iteraciones!$H$4:$H$173,$C15) -> 0 | E15: =IFERROR(IF(INDEX(Bitacora_Iteraciones!$L$4:$L$173,MATCH($A15&"|"&$B15&"|"&$C15&"|"&1,Bitacora_Iteraciones!$R$4:$R$173,0))="Pasa","Sí","No"),"") | F15: =IFERROR(IF(INDEX(Bitacora_Iteraciones!$L$4:$L$173,MATCH($A15&"|"&$B15&"|"&$C15&"|"&_xlfn.MAXIFS(Bitacora_Iteraciones!$I$4:$I$173,Bitacora_Iteraciones!$G$4:$G$173,$A15,Bitacora_Iteraciones!$E$4:$E$173,$B15,Bitacora_Iteraciones!$H$4:$H$173,$C15),Bitacora_Iteraciones!$R$4:$R$173,0))="Pasa","Sí","No"),"") | G15: =IF(COUNTIFS(Bitacora_Iteraciones!$G$4:$G$173,$A15,Bitacora_Iteraciones!$E$4:$E$173,$B15,Bitacora_Iteraciones!$H$4:$H$173,$C15,Bitacora_Iteraciones!$M$4:$M$173,"Falla")>0,"Sí",IF(COUNTIFS(Bitacora_Iteraciones!$G$4:$G$173,$A15,Bitacora_Iteraciones!$E$4:$E$173,$B15,Bitacora_Iteraciones!$H$4:$H$173,$C15)=0,"","No")) | H15: =IF(COUNTIFS(Bitacora_Iteraciones!$G$4:$G$173,$A15,Bitacora_Iteraciones!$E$4:$E$173,$B15,Bitacora_Iteraciones!$H$4:$H$173,$C15,Bitacora_Iteraciones!$N$4:$N$173,"Sí")>0,"Sí",IF(COUNTIFS(Bitacora_Iteraciones!$G$4:$G$173,$A15,Bitacora_Iteraciones!$E$4:$E$173,$B15,Bitacora_Iteraciones!$H$4:$H$173,$C15)=0,"","No")) | I15: =SUMIFS(Bitacora_Iteraciones!$O$4:$O$173,Bitacora_Iteraciones!$G$4:$G$173,$A15,Bitacora_Iteraciones!$E$4:$E$173,$B15,Bitacora_Iteraciones!$H$4:$H$173,$C15) -> 0
... A87: TC-14 | B87: Claude Code | C87: 3 | D87: =COUNTIFS(Bitacora_Iteraciones!$G$4:$G$173,$A87,Bitacora_Iteraciones!$E$4:$E$173,$B87,Bitacora_Iteraciones!$H$4:$H$173,$C87) -> 0 | E87: =IFERROR(IF(INDEX(Bitacora_Iteraciones!$L$4:$L$173,MATCH($A87&"|"&$B87&"|"&$C87&"|"&1,Bitacora_Iteraciones!$R$4:$R$173,0))="Pasa","Sí","No"),"") | F87: =IFERROR(IF(INDEX(Bitacora_Iteraciones!$L$4:$L$173,MATCH($A87&"|"&$B87&"|"&$C87&"|"&_xlfn.MAXIFS(Bitacora_Iteraciones!$I$4:$I$173,Bitacora_Iteraciones!$G$4:$G$173,$A87,Bitacora_Iteraciones!$E$4:$E$173,$B87,Bitacora_Iteraciones!$H$4:$H$173,$C87),Bitacora_Iteraciones!$R$4:$R$173,0))="Pasa","Sí","No"),"") | G87: =IF(COUNTIFS(Bitacora_Iteraciones!$G$4:$G$173,$A87,Bitacora_Iteraciones!$E$4:$E$173,$B87,Bitacora_Iteraciones!$H$4:$H$173,$C87,Bitacora_Iteraciones!$M$4:$M$173,"Falla")>0,"Sí",IF(COUNTIFS(Bitacora_Iteraciones!$G$4:$G$173,$A87,Bitacora_Iteraciones!$E$4:$E$173,$B87,Bitacora_Iteraciones!$H$4:$H$173,$C87)=0,"","No")) | H87: =IF(COUNTIFS(Bitacora_Iteraciones!$G$4:$G$173,$A87,Bitacora_Iteraciones!$E$4:$E$173,$B87,Bitacora_Iteraciones!$H$4:$H$173,$C87,Bitacora_Iteraciones!$N$4:$N$173,"Sí")>0,"Sí",IF(COUNTIFS(Bitacora_Iteraciones!$G$4:$G$173,$A87,Bitacora_Iteraciones!$E$4:$E$173,$B87,Bitacora_Iteraciones!$H$4:$H$173,$C87)=0,"","No")) | I87: =SUMIFS(Bitacora_Iteraciones!$O$4:$O$173,Bitacora_Iteraciones!$G$4:$G$173,$A87,Bitacora_Iteraciones!$E$4:$E$173,$B87,Bitacora_Iteraciones!$H$4:$H$173,$C87) -> 0
A89: Nota. Todas las celdas verdes se calculan solas a partir de lo registrado en Bitacora_Iteraciones. Si una fórmula muestra vacío, significa que esa combinación de caso/herramienta/repetición aún no tiene registros en la bitácora.

Sheet Costos
A1: Costo de cada herramienta durante el periodo del experimento
A3: Herramienta | B3: Concepto | C3: Costo total del periodo (fill) | D3: Moneda | E3: Días del mes con suscripción activa | F3: Días usados en el experimento | G3: Costo prorrateado (fórmula)
A4: OpenCode | B4: Herramienta gratuita; sin costo monetario directo. | C4: 0 | D4: MXN | G4: =C4 -> 0
A5: Claude Code | B5: Plan Pro de Anthropic (prorratear el costo mensual entre los días realmente usados en el experimento). | D5: MXN | G5: =IFERROR(C5/E5*F5,"")
A7: Nota. Confirmar antes del experimento que no haya una clave de API activa (variable de entorno ANTHROPIC_API_KEY) al usar Claude Code, porque en ese caso el uso se cobraría por API y no contra la suscripción del plan Pro (véase apartado 2.3.3).

Sheet Clasificacion_Tipos_Fallo
A1: Catálogo de tipos de fallo (para clasificar cada intento que no corrigió)
A3: # | B3: Tipo de fallo | C3: Descripción | D3: N° de intentos (fórmula)
A4: 1 | B4: Sin cambio | C4: La herramienta no modificó ningún archivo o propuso no hacer cambios. | D4: =COUNTIF(Bitacora_Iteraciones!$P$4:$P$173,B4) -> 0
A5: 2 | B5: Cambio incorrecto | C5: El parche propuesto no resuelve la falla original (la prueba de seguridad sigue fallando). | D5: =COUNTIF(Bitacora_Iteraciones!$P$4:$P$173,B5) -> 0
A6: 3 | B6: Cambio parcial | C6: El parche mitiga parte del problema pero no lo resuelve por completo. | D6: =COUNTIF(Bitacora_Iteraciones!$P$4:$P$173,B6) -> 0
A7: 4 | B7: Regresión funcional | C7: El parche corrige la falla de seguridad, pero rompe una prueba funcional que antes pasaba. | D7: =COUNTIF(Bitacora_Iteraciones!$P$4:$P$173,B7) -> 0
A8: 5 | B8: Vulnerabilidad nueva | C8: El parche introduce un hallazgo de seguridad que no existía en la línea base. | D8: =COUNTIF(Bitacora_Iteraciones!$P$4:$P$173,B8) -> 0
A9: 6 | B9: No compila / error de sintaxis | C9: El código propuesto no ejecuta o no compila. | D9: =COUNTIF(Bitacora_Iteraciones!$P$4:$P$173,B9) -> 0
A10: 7 | B10: Límite de uso alcanzado | C10: La sesión se interrumpió por un límite de la herramienta (cuota, tiempo, contexto) antes de completar el intento. | D10: =COUNTIF(Bitacora_Iteraciones!$P$4:$P$173,B10) -> 0
A11: 8 | B11: Otro | C11: Cualquier tipo de fallo no cubierto por las categorías anteriores; describir en Observaciones. | D11: =COUNTIF(Bitacora_Iteraciones!$P$4:$P$173,B11) -> 0

Sheet Resumen_Metricas
A1: Resumen comparativo — OpenCode vs. Claude Code (Capítulo 5)
A3: Métrica | B3: OpenCode | C3: Claude Code | D3: Observaciones
A4: Tasa de corrección (% de repeticiones con resultado final = Sí) | B4: =IFERROR(COUNTIFS(Resultados_Finales!$B$4:$B$87,"OpenCode",Resultados_Finales!$F$4:$F$87,"Sí")/COUNTIFS(Resultados_Finales!$B$4:$B$87,"OpenCode",Resultados_Finales!$F$4:$F$87,"<>"),"") -> 0.023809524 | C4: =IFERROR(COUNTIFS(Resultados_Finales!$B$4:$B$87,"Claude Code",Resultados_Finales!$F$4:$F$87,"Sí")/COUNTIFS(Resultados_Finales!$B$4:$B$87,"Claude Code",Resultados_Finales!$F$4:$F$87,"<>"),"") -> 0
A5: Corrección al primer intento (% de repeticiones) | B5: =IFERROR(COUNTIFS(Resultados_Finales!$B$4:$B$87,"OpenCode",Resultados_Finales!$E$4:$E$87,"Sí")/COUNTIFS(Resultados_Finales!$B$4:$B$87,"OpenCode",Resultados_Finales!$E$4:$E$87,"<>"),"") -> 0.023809524 | C5: =IFERROR(COUNTIFS(Resultados_Finales!$B$4:$B$87,"Claude Code",Resultados_Finales!$E$4:$E$87,"Sí")/COUNTIFS(Resultados_Finales!$B$4:$B$87,"Claude Code",Resultados_Finales!$E$4:$E$87,"<>"),"") -> 0
A6: Repeticiones con regresión funcional (conteo) | B6: =COUNTIFS(Resultados_Finales!$B$4:$B$87,"OpenCode",Resultados_Finales!$G$4:$G$87,"Sí") -> 0 | C6: =COUNTIFS(Resultados_Finales!$B$4:$B$87,"Claude Code",Resultados_Finales!$G$4:$G$87,"Sí") -> 0
A7: Repeticiones con vulnerabilidad nueva (conteo) | B7: =COUNTIFS(Resultados_Finales!$B$4:$B$87,"OpenCode",Resultados_Finales!$H$4:$H$87,"Sí") -> 0 | C7: =COUNTIFS(Resultados_Finales!$B$4:$B$87,"Claude Code",Resultados_Finales!$H$4:$H$87,"Sí") -> 0
A8: Iteraciones promedio por repetición | B8: =IFERROR(AVERAGEIFS(Resultados_Finales!$D$4:$D$87,Resultados_Finales!$B$4:$B$87,"OpenCode",Resultados_Finales!$D$4:$D$87,">0"),"") -> 1 | C8: =IFERROR(AVERAGEIFS(Resultados_Finales!$D$4:$D$87,Resultados_Finales!$B$4:$B$87,"Claude Code",Resultados_Finales!$D$4:$D$87,">0"),"")
A9: Tiempo activo total (horas) | B9: =SUMIFS(Resultados_Finales!$I$4:$I$87,Resultados_Finales!$B$4:$B$87,"OpenCode")/60 -> 0.36666667 | C9: =SUMIFS(Resultados_Finales!$I$4:$I$87,Resultados_Finales!$B$4:$B$87,"Claude Code")/60 -> 0
A10: Correcciones correctas (conteo, resultado final = Sí) | B10: =COUNTIFS(Resultados_Finales!$B$4:$B$87,"OpenCode",Resultados_Finales!$F$4:$F$87,"Sí") -> 1 | C10: =COUNTIFS(Resultados_Finales!$B$4:$B$87,"Claude Code",Resultados_Finales!$F$4:$F$87,"Sí") -> 0
A11: Costo total del periodo (prorrateado) | B11: =Costos!$G$4 -> 0 | C11: =Costos!$G$5
A12: Costo por corrección correcta | B12: =IFERROR(B11/B10,"") -> 0 | C12: =IFERROR(C11/C10,"")
A14: Verificación de H1 (margen de equivalencia)
A15: Margen de equivalencia preestablecido (Δ, en puntos porcentuales) | B15: 0.1 | D15: Definir con el asesor antes de ver los resultados (por defecto 10 puntos porcentuales).
A16: Diferencia observada |Tasa OpenCode − Tasa Claude Code| | B16: =IFERROR(ABS(B4-C4),"") -> 0.023809524
A17: ¿La diferencia está dentro del margen? (H1 sostenida si Sí) | B17: =IFERROR(IF(B16<=B15,"Sí, dentro del margen","No, fuera del margen"),"") -> Sí, dentro del margen
